{"train_steps_per_second":0.51,"eval/samples_per_second":209.866,"_wandb":{"runtime":30},"train/global_step":6,"total_flos":2.620832778e+11,"train/epoch":3,"_runtime":10.8999939,"eval/runtime":0.0238,"train_runtime":11.775,"_step":4,"eval/loss":0.21440429985523224,"train_samples_per_second":2.548,"_timestamp":1.741016934554072e+09,"eval/steps_per_second":41.973,"train_loss":0.33457692464192706}