{"_timestamp":1.741005661592731e+09,"train_runtime":11.8766,"train/epoch":3,"eval/samples_per_second":182.712,"eval/loss":0.19193115830421448,"_wandb":{"runtime":10},"train_steps_per_second":0.505,"train/global_step":6,"_runtime":10.930176,"_step":4,"total_flos":2.620832778e+11,"train_samples_per_second":2.526,"train_loss":0.3103345235188802,"eval/runtime":0.0274,"eval/steps_per_second":36.542}