{"train_steps_per_second":0.479,"total_flos":2.620832778e+11,"eval/steps_per_second":44.518,"train_runtime":12.5182,"_step":4,"_timestamp":1.7410049738930118e+09,"train/epoch":3,"train/global_step":6,"train_loss":0.25479888916015625,"_runtime":11.5723805,"eval/loss":0.18426513671875,"eval/runtime":0.0225,"eval/samples_per_second":222.59,"_wandb":{"runtime":11},"train_samples_per_second":2.397}