{"train_steps_per_second":0.496,"_timestamp":1.7410092790467172e+09,"_runtime":11.1166724,"eval/loss":0.40190428495407104,"eval/runtime":0.0189,"eval/samples_per_second":264.882,"_wandb":{"runtime":31},"train_runtime":12.0941,"train_samples_per_second":2.481,"eval/steps_per_second":52.976,"_step":4,"train/global_step":6,"total_flos":2.620832778e+11,"train/epoch":3,"train_loss":0.5470987955729166}